STATUS,year,value
Cancelled,2003,20855.48
Cancelled,2004,62640.01
Disputed,2005,10371.32
In Process,2005,63901.78
On Hold,2004,2086.92
On Hold,2005,89623.28
Resolved,2003,10803.2
Resolved,2004,13022.960000000001
Resolved,2005,60042.479999999996
Shipped,2003,1242191.26
Shipped,2004,1670450.98
Shipped,2005,448597.12
